CRIM,ZN,INDUS,CHAS,NOX,RM,AGE,DIS,RAD,TAX,PTRATIO,B,LSTAT,MEDV
88.9762,0.0,18.1,0.0,0.6709999999999999,6.968,91.9,1.4165,24.0,666.0,20.2,396.9,17.21,10.4
0.15875999999999998,0.0,10.81,0.0,0.413,5.961,17.5,5.2873,4.0,305.0,19.2,376.94,9.88,21.7
1.6286399999999999,0.0,21.89,0.0,0.624,5.019,100.0,1.4394,4.0,437.0,21.2,396.9,34.41,14.4
0.82526,20.0,3.97,0.0,0.647,7.327000000000001,94.5,2.0788,5.0,264.0,13.0,393.42,11.25,31.0
9.92485,0.0,18.1,0.0,0.74,6.251,96.6,2.198,24.0,666.0,20.2,388.52,16.44,12.6
0.04011,80.0,1.52,0.0,0.40399999999999997,7.287000000000001,34.1,7.309,2.0,329.0,12.6,396.9,4.08,33.3
0.31533,0.0,6.2,0.0,0.504,8.266,78.3,2.8944,8.0,307.0,17.4,385.05,4.14,44.8
1.8002799999999999,0.0,19.58,0.0,0.605,5.877000000000001,79.2,2.4259,5.0,403.0,14.7,227.61,12.14,23.8
0.07977999999999999,40.0,6.41,0.0,0.447,6.482,32.1,4.1403,4.0,254.0,17.6,396.9,7.19,29.1
10.232999999999999,0.0,18.1,0.0,0.614,6.185,96.7,2.1705,24.0,666.0,20.2,379.7,18.03,14.6
3.32105,0.0,19.58,1.0,0.871,5.403,100.0,1.3216,5.0,403.0,14.7,396.9,26.82,13.4
2.01019,0.0,19.58,0.0,0.605,7.928999999999999,96.2,2.0459,5.0,403.0,14.7,369.3,3.7,50.0
8.98296,0.0,18.1,1.0,0.77,6.212000000000001,97.4,2.1222,24.0,666.0,20.2,377.73,17.6,17.8
4.55587,0.0,18.1,0.0,0.718,3.5610000000000004,87.9,1.6132,24.0,666.0,20.2,354.7,7.12,27.5
0.08244,30.0,4.93,0.0,0.428,6.481,18.5,6.1899,6.0,300.0,16.6,379.41,6.36,23.7
0.17004,12.5,7.87,0.0,0.524,6.004,85.9,6.5921,5.0,311.0,15.2,386.71,17.1,18.9
3.7749800000000002,0.0,18.1,0.0,0.655,5.952000000000001,84.7,2.8715,24.0,666.0,20.2,22.01,17.15,19.0
0.09252,30.0,4.93,0.0,0.428,6.606,42.2,6.1899,6.0,300.0,16.6,383.78,7.37,23.3
0.24522,0.0,9.9,0.0,0.544,5.782,71.7,4.0317,4.0,304.0,18.4,396.9,15.94,19.8
8.71675,0.0,18.1,0.0,0.693,6.471,98.8,1.7257,24.0,666.0,20.2,391.98,17.12,13.1
0.18159,0.0,7.38,0.0,0.493,6.376,54.3,4.5404,5.0,287.0,19.6,396.9,6.87,23.1
7.022589999999999,0.0,18.1,0.0,0.718,6.006,95.3,1.8746,24.0,666.0,20.2,319.98,15.7,14.2
11.0874,0.0,18.1,0.0,0.718,6.4110000000000005,100.0,1.8589,24.0,666.0,20.2,318.75,15.02,16.7
1.15172,0.0,8.14,0.0,0.5379999999999999,5.7010000000000005,95.0,3.7872,4.0,307.0,21.0,358.77,18.35,13.1
8.20058,0.0,18.1,0.0,0.713,5.936,80.3,2.7792,24.0,666.0,20.2,3.5,16.94,13.5
0.2896,0.0,9.69,0.0,0.585,5.39,72.9,2.7986,6.0,391.0,19.2,396.9,21.14,19.7
0.10612,30.0,4.93,0.0,0.428,6.095,65.1,6.3361,6.0,300.0,16.6,394.62,12.4,20.1
9.82349,0.0,18.1,0.0,0.6709999999999999,6.794,98.8,1.358,24.0,666.0,20.2,396.9,21.24,13.3
0.21038,20.0,3.33,0.0,0.4429,6.812,32.2,4.1007,5.0,216.0,14.9,396.9,4.85,35.1
0.16439,22.0,5.86,0.0,0.431,6.433,49.1,7.8265,7.0,330.0,19.1,374.71,9.52,24.5
1.6128200000000001,0.0,8.14,0.0,0.5379999999999999,6.096,96.9,3.7598,4.0,307.0,21.0,248.31,20.34,13.5
0.44178,0.0,6.2,0.0,0.504,6.5520000000000005,21.4,3.3751,8.0,307.0,17.4,380.34,3.76,31.5
0.5405,20.0,3.97,0.0,0.575,7.47,52.6,2.872,5.0,264.0,13.0,390.3,3.16,43.5
0.24103000000000002,0.0,7.38,0.0,0.493,6.082999999999999,43.7,5.4159,5.0,287.0,19.6,396.9,12.79,22.2
9.72418,0.0,18.1,0.0,0.74,6.406000000000001,97.2,2.0651,24.0,666.0,20.2,385.96,19.52,17.1
0.04297,52.5,5.32,0.0,0.405,6.565,22.9,7.3172,6.0,293.0,16.6,371.72,9.51,24.8
0.015009999999999999,90.0,1.21,1.0,0.401,7.922999999999999,24.8,5.885,1.0,198.0,13.6,395.52,3.16,50.0
0.01432,100.0,1.32,0.0,0.41100000000000003,6.816,40.5,8.3248,5.0,256.0,15.1,392.9,3.95,31.6
14.4383,0.0,18.1,0.0,0.597,6.852,100.0,1.4655,24.0,666.0,20.2,179.36,19.78,27.5
13.0751,0.0,18.1,0.0,0.58,5.712999999999999,56.7,2.8237,24.0,666.0,20.2,396.9,14.76,20.1
11.8123,0.0,18.1,0.0,0.718,6.824,76.5,1.794,24.0,666.0,20.2,48.45,22.74,8.4
0.02187,60.0,2.93,0.0,0.401,6.8,9.9,6.2196,1.0,265.0,15.6,393.37,5.03,31.1
0.08187,0.0,2.89,0.0,0.445,7.82,36.9,3.4952,2.0,276.0,18.0,393.53,3.57,43.8
0.19186,0.0,7.38,0.0,0.493,6.431,14.7,5.4159,5.0,287.0,19.6,393.68,5.08,24.6
23.6482,0.0,18.1,0.0,0.6709999999999999,6.38,96.2,1.3861,24.0,666.0,20.2,396.9,23.69,13.1
9.39063,0.0,18.1,0.0,0.74,5.627000000000001,93.9,1.8172,24.0,666.0,20.2,396.9,22.88,12.8
0.12932000000000002,0.0,13.92,0.0,0.43700000000000006,6.678,31.1,5.9604,4.0,289.0,16.0,396.9,6.27,28.6
7.75223,0.0,18.1,0.0,0.713,6.301,83.7,2.7831,24.0,666.0,20.2,272.21,16.23,14.9
0.09512000000000001,0.0,12.83,0.0,0.43700000000000006,6.2860000000000005,45.0,4.5026,5.0,398.0,18.7,383.23,8.94,21.4
0.13554000000000002,12.5,6.07,0.0,0.409,5.593999999999999,36.8,6.497999999999999,4.0,345.0,18.9,396.9,13.09,17.4
0.16211,20.0,6.96,0.0,0.46399999999999997,6.24,16.3,4.428999999999999,3.0,223.0,18.6,396.9,6.59,25.2
8.792119999999999,0.0,18.1,0.0,0.584,5.565,70.6,2.0635,24.0,666.0,20.2,3.65,17.16,11.7
0.25356,0.0,9.9,0.0,0.544,5.705,77.7,3.945,4.0,304.0,18.4,396.42,11.5,16.2
0.88125,0.0,21.89,0.0,0.624,5.6370000000000005,94.7,1.9799,4.0,437.0,21.2,396.9,18.34,14.3
73.5341,0.0,18.1,0.0,0.679,5.957000000000001,100.0,1.8026,24.0,666.0,20.2,16.45,20.62,8.8
0.1396,0.0,8.56,0.0,0.52,6.167000000000001,90.0,2.421,5.0,384.0,20.9,392.69,12.33,20.1
0.26363000000000003,0.0,8.56,0.0,0.52,6.229,91.2,2.5451,5.0,384.0,20.9,391.23,15.55,19.4
0.12082999999999999,0.0,2.89,0.0,0.445,8.068999999999999,76.0,3.4952,2.0,276.0,18.0,396.9,4.21,38.7
0.35114,0.0,7.38,0.0,0.493,6.041,49.9,4.7211,5.0,287.0,19.6,396.9,7.7,20.4
0.05644,40.0,6.41,1.0,0.447,6.757999999999999,32.9,4.0776,4.0,254.0,17.6,396.9,3.53,32.4
0.80271,0.0,8.14,0.0,0.5379999999999999,5.456,36.6,3.7965,4.0,307.0,21.0,288.99,11.69,20.2
9.91655,0.0,18.1,0.0,0.693,5.852,77.8,1.5004,24.0,666.0,20.2,338.16,29.97,6.3
0.04113,25.0,4.86,0.0,0.426,6.727,33.5,5.4007,4.0,281.0,19.0,396.9,5.29,28.0
1.2074200000000002,0.0,19.58,0.0,0.605,5.875,94.6,2.4259,5.0,403.0,14.7,292.29,14.43,17.4
1.4250200000000002,0.0,19.58,0.0,0.871,6.51,100.0,1.7659,5.0,403.0,14.7,364.31,7.39,23.3
0.34109,0.0,7.38,0.0,0.493,6.415,40.1,4.7211,5.0,287.0,19.6,396.9,6.12,25.0
0.20608,22.0,5.86,0.0,0.431,5.593,76.5,7.9549,7.0,330.0,19.1,372.49,12.5,17.6
0.10153,0.0,12.83,0.0,0.43700000000000006,6.279,74.5,4.0522,5.0,398.0,18.7,373.66,11.97,20.0
37.6619,0.0,18.1,0.0,0.679,6.202000000000001,78.7,1.8629,24.0,666.0,20.2,18.82,14.52,10.9
0.05425,0.0,4.05,0.0,0.51,6.315,73.4,3.3175,5.0,296.0,16.6,395.6,6.29,24.6
0.09849,0.0,25.65,0.0,0.581,5.879,95.8,2.0063,2.0,188.0,19.1,379.38,17.58,18.8
0.06888,0.0,2.46,0.0,0.488,6.144,62.2,2.5979,3.0,193.0,17.8,396.9,9.45,36.2
0.14866,0.0,8.56,0.0,0.52,6.727,79.9,2.7778,5.0,384.0,20.9,394.76,9.42,27.5
0.17171,25.0,5.13,0.0,0.45299999999999996,5.966,93.4,6.8185,8.0,284.0,19.7,378.08,14.44,16.0
0.57529,0.0,6.2,0.0,0.507,8.337,73.3,3.8384,8.0,307.0,17.4,385.91,2.47,41.7
0.06642,0.0,4.05,0.0,0.51,6.86,74.4,2.9153,5.0,296.0,16.6,391.27,6.92,29.9
0.0351,95.0,2.68,0.0,0.4161,7.853,33.2,5.118,4.0,224.0,14.7,392.78,3.81,48.5
4.812130000000001,0.0,18.1,0.0,0.713,6.7010000000000005,90.0,2.5975,24.0,666.0,20.2,255.23,16.42,16.4
17.8667,0.0,18.1,0.0,0.6709999999999999,6.223,100.0,1.3861,24.0,666.0,20.2,393.74,21.78,10.2
0.15037999999999999,0.0,25.65,0.0,0.581,5.856,97.0,1.9444,2.0,188.0,19.1,370.31,25.41,17.3
0.25915,0.0,21.89,0.0,0.624,5.693,96.0,1.7883,4.0,437.0,21.2,392.11,17.19,16.2
0.06466000000000001,70.0,2.24,0.0,0.4,6.345,20.1,7.8278,5.0,358.0,14.8,368.24,4.97,22.5
11.1604,0.0,18.1,0.0,0.74,6.629,94.6,2.1247,24.0,666.0,20.2,109.85,23.27,13.4
4.64689,0.0,18.1,0.0,0.614,6.98,67.6,2.5329,24.0,666.0,20.2,374.68,11.66,29.8
0.04337,21.0,5.64,0.0,0.439,6.115,63.0,6.8147,4.0,243.0,16.8,393.97,9.43,20.5
0.35809,0.0,6.2,1.0,0.507,6.9510000000000005,88.5,2.8617,8.0,307.0,17.4,391.7,9.71,26.7
0.02985,0.0,2.18,0.0,0.45799999999999996,6.43,58.7,6.0622,3.0,222.0,18.7,394.12,5.21,28.7
1.8337700000000001,0.0,19.58,1.0,0.605,7.8020000000000005,98.2,2.0407,5.0,403.0,14.7,389.61,1.92,50.0
0.049319999999999996,33.0,2.18,0.0,0.47200000000000003,6.849,70.3,3.1827,7.0,222.0,18.4,396.9,7.53,28.2
25.0461,0.0,18.1,0.0,0.693,5.987,100.0,1.5888,24.0,666.0,20.2,396.9,26.77,5.6
3.8497,0.0,18.1,1.0,0.77,6.395,91.0,2.5052,24.0,666.0,20.2,391.34,13.27,21.7
0.537,0.0,6.2,0.0,0.504,5.981,68.1,3.6715,8.0,307.0,17.4,378.35,11.65,24.3
0.7904100000000001,0.0,9.9,0.0,0.544,6.122000000000001,52.8,2.6403,4.0,304.0,18.4,396.9,5.98,22.1
15.8744,0.0,18.1,0.0,0.6709999999999999,6.545,99.1,1.5192,24.0,666.0,20.2,396.9,21.08,10.9
1.49632,0.0,19.58,0.0,0.871,5.404,100.0,1.5916,5.0,403.0,14.7,341.6,13.28,19.6
0.08014,0.0,5.96,0.0,0.499,5.85,41.5,3.9342,5.0,279.0,19.2,396.9,8.77,21.0
0.55778,0.0,21.89,0.0,0.624,6.335,98.2,2.1107,4.0,437.0,21.2,394.67,16.96,18.1
15.5757,0.0,18.1,0.0,0.58,5.926,71.0,2.9084,24.0,666.0,20.2,368.74,18.13,19.1
0.51183,0.0,6.2,0.0,0.507,7.358,71.6,4.148,8.0,307.0,17.4,390.07,4.73,31.5
0.0795,60.0,1.69,0.0,0.41100000000000003,6.579,35.9,10.7103,4.0,411.0,18.3,370.78,5.49,24.1
3.4742800000000003,0.0,18.1,1.0,0.718,8.78,82.9,1.9047,24.0,666.0,20.2,354.55,5.29,21.9
51.1358,0.0,18.1,0.0,0.597,5.757000000000001,100.0,1.413,24.0,666.0,20.2,2.6,10.11,15.0
0.054970000000000005,0.0,5.19,0.0,0.515,5.985,45.4,4.8122,5.0,224.0,20.2,396.9,9.74,19.0
0.08265,0.0,13.92,0.0,0.43700000000000006,6.127000000000001,18.4,5.5027,4.0,289.0,16.0,396.9,8.58,23.9
0.10008,0.0,2.46,0.0,0.488,6.563,95.6,2.847,3.0,193.0,17.8,396.9,5.68,32.5
0.6147,0.0,6.2,0.0,0.507,6.617999999999999,80.8,3.2721,8.0,307.0,17.4,396.9,7.6,30.1
0.07896,0.0,12.83,0.0,0.43700000000000006,6.273,6.0,4.2515,5.0,398.0,18.7,394.92,6.78,24.1
0.030489999999999996,55.0,3.78,0.0,0.484,6.874,28.1,6.4654,5.0,370.0,17.6,387.97,4.61,31.2
0.10574000000000001,0.0,27.74,0.0,0.609,5.983,98.8,1.8681,4.0,711.0,20.1,390.11,18.07,13.6
0.34006,0.0,21.89,0.0,0.624,6.457999999999999,98.9,2.1185,4.0,437.0,21.2,395.04,12.6,19.2
0.03932,0.0,3.41,0.0,0.489,6.405,73.9,3.0921,2.0,270.0,17.8,393.55,8.2,22.0
0.17134000000000002,0.0,10.01,0.0,0.547,5.928,88.2,2.4631,6.0,432.0,17.8,344.91,15.76,18.3
0.09604,40.0,6.41,0.0,0.447,6.854,42.8,4.2673,4.0,254.0,17.6,396.9,2.98,32.0
0.10793,0.0,8.56,0.0,0.52,6.195,54.4,2.7778,5.0,384.0,20.9,393.49,13.0,21.7
0.033589999999999995,75.0,2.95,0.0,0.428,7.024,15.8,5.4011,3.0,252.0,18.3,395.62,1.98,34.9
9.96654,0.0,18.1,0.0,0.74,6.485,100.0,1.9784,24.0,666.0,20.2,386.73,18.85,15.4
0.5341199999999999,20.0,3.97,0.0,0.647,7.52,89.4,2.1398,5.0,264.0,13.0,388.37,7.26,43.1
0.04203,28.0,15.04,0.0,0.46399999999999997,6.442,53.6,3.6659,4.0,270.0,18.2,395.01,8.16,22.9
3.56868,0.0,18.1,0.0,0.58,6.437,75.0,2.8965,24.0,666.0,20.2,393.37,14.36,23.2
0.11504,0.0,2.89,0.0,0.445,6.162999999999999,69.6,3.4952,2.0,276.0,18.0,391.83,11.34,21.4
0.01951,17.5,1.38,0.0,0.4161,7.104,59.5,9.2229,3.0,216.0,18.6,393.24,8.05,33.0
0.08308,0.0,2.46,0.0,0.488,5.604,89.8,2.9879,3.0,193.0,17.8,391.0,13.98,26.4
0.14476,0.0,10.01,0.0,0.547,5.731,65.2,2.7592,6.0,432.0,17.8,391.5,13.61,19.3
0.08387,0.0,12.83,0.0,0.43700000000000006,5.874,36.6,4.5026,5.0,398.0,18.7,396.06,9.1,20.3
67.9208,0.0,18.1,0.0,0.693,5.683,100.0,1.4254,24.0,666.0,20.2,384.97,22.98,5.0
6.96215,0.0,18.1,0.0,0.7,5.712999999999999,97.0,1.9265,24.0,666.0,20.2,394.43,17.11,15.1
0.06076,0.0,11.93,0.0,0.573,6.976,91.0,2.1675,1.0,273.0,21.0,396.9,5.64,23.9
0.024980000000000002,0.0,1.89,0.0,0.518,6.54,59.7,6.2669,1.0,422.0,15.9,389.96,8.65,16.5
0.01439,60.0,2.93,0.0,0.401,6.604,18.8,6.2196,1.0,265.0,15.6,376.7,4.38,29.1
0.75026,0.0,8.14,0.0,0.5379999999999999,5.9239999999999995,94.1,4.3996,4.0,307.0,21.0,394.33,16.3,15.6
8.24809,0.0,18.1,0.0,0.713,7.393,99.3,2.4527,24.0,666.0,20.2,375.87,16.74,17.8
0.1029,30.0,4.93,0.0,0.428,6.358,52.9,7.0355,6.0,300.0,16.6,372.75,11.22,22.2
0.41238,0.0,6.2,0.0,0.504,7.162999999999999,79.9,3.2157,8.0,307.0,17.4,372.08,6.36,31.6
2.4466799999999997,0.0,19.58,0.0,0.871,5.272,94.0,1.7364,5.0,403.0,14.7,88.63,16.14,13.1
1.05393,0.0,8.14,0.0,0.5379999999999999,5.935,29.3,4.4986,4.0,307.0,21.0,386.85,6.58,23.1
15.1772,0.0,18.1,0.0,0.74,6.152,100.0,1.9142,24.0,666.0,20.2,9.32,26.45,8.7
0.037380000000000004,0.0,5.19,0.0,0.515,6.31,38.5,6.4584,5.0,224.0,20.2,389.4,6.75,20.7
0.62739,0.0,8.14,0.0,0.5379999999999999,5.834,56.5,4.4986,4.0,307.0,21.0,395.62,8.47,19.9
1.00245,0.0,8.14,0.0,0.5379999999999999,6.6739999999999995,87.3,4.239,4.0,307.0,21.0,380.23,11.98,21.0
0.05479,33.0,2.18,0.0,0.47200000000000003,6.6160000000000005,58.1,3.37,7.0,222.0,18.4,393.36,8.93,28.4
0.1265,25.0,5.13,0.0,0.45299999999999996,6.7620000000000005,43.4,7.9809,8.0,284.0,19.7,395.58,9.5,25.0
0.09103,0.0,2.46,0.0,0.488,7.155,92.2,2.7006,3.0,193.0,17.8,394.12,4.82,37.9
0.02875,28.0,15.04,0.0,0.46399999999999997,6.211,28.9,3.6659,4.0,270.0,18.2,396.33,6.21,25.0
0.22438000000000002,0.0,9.69,0.0,0.585,6.027,79.7,2.4982,6.0,391.0,19.2,396.9,14.33,16.8
0.04981,21.0,5.64,0.0,0.439,5.997999999999999,21.4,6.8147,4.0,243.0,16.8,396.9,8.43,23.4
0.01778,95.0,1.47,0.0,0.40299999999999997,7.135,13.9,7.6534,3.0,402.0,17.0,384.3,4.45,32.9
0.030410000000000003,0.0,5.19,0.0,0.515,5.895,59.6,5.615,5.0,224.0,20.2,394.81,10.56,18.5
5.69175,0.0,18.1,0.0,0.583,6.114,79.8,3.5459,24.0,666.0,20.2,392.68,14.98,19.1
16.8118,0.0,18.1,0.0,0.7,5.277,98.1,1.4261,24.0,666.0,20.2,396.9,30.81,7.2
0.06905,0.0,2.18,0.0,0.45799999999999996,7.147,54.2,6.0622,3.0,222.0,18.7,396.9,5.33,36.2
0.3692,0.0,9.9,0.0,0.544,6.567,87.3,3.6023,4.0,304.0,18.4,395.69,9.28,23.8
0.11432,0.0,8.56,0.0,0.52,6.781000000000001,71.3,2.8561,5.0,384.0,20.9,395.58,7.67,26.5
0.05789,12.5,6.07,0.0,0.409,5.877999999999999,21.4,6.497999999999999,4.0,345.0,18.9,396.21,8.1,22.0
0.59005,0.0,21.89,0.0,0.624,6.372000000000001,97.9,2.3274,4.0,437.0,21.2,385.76,11.12,23.0
0.0459,52.5,5.32,0.0,0.405,6.315,45.6,7.3172,6.0,293.0,16.6,396.9,7.6,22.3
8.15174,0.0,18.1,0.0,0.7,5.39,98.9,1.7281,24.0,666.0,20.2,396.9,20.85,11.5
0.46296000000000004,0.0,6.2,0.0,0.504,7.412000000000001,76.9,3.6715,8.0,307.0,17.4,376.14,5.25,31.7
15.0234,0.0,18.1,0.0,0.614,5.303999999999999,97.3,2.1007,24.0,666.0,20.2,349.48,24.91,12.0
0.05602000000000001,0.0,2.46,0.0,0.488,7.831,53.6,3.1992,3.0,193.0,17.8,392.63,4.45,50.0
5.44114,0.0,18.1,0.0,0.713,6.655,98.2,2.3552,24.0,666.0,20.2,355.29,17.73,15.2
0.27957,0.0,9.69,0.0,0.585,5.926,42.6,2.3817,6.0,391.0,19.2,396.9,13.59,24.5
0.08872999999999999,21.0,5.64,0.0,0.439,5.962999999999999,45.7,6.8147,4.0,243.0,16.8,395.56,13.45,19.7
2.2423599999999997,0.0,19.58,0.0,0.605,5.854,91.8,2.4219999999999997,5.0,403.0,14.7,395.11,11.64,22.7
14.0507,0.0,18.1,0.0,0.597,6.657,100.0,1.5275,24.0,666.0,20.2,35.05,21.22,17.2
0.13914,0.0,4.05,0.0,0.51,5.572,88.5,2.5961,5.0,296.0,16.6,396.9,14.69,23.1
0.19802,0.0,10.59,0.0,0.489,6.182,42.4,3.9454,4.0,277.0,18.6,393.63,9.47,25.0
9.2323,0.0,18.1,0.0,0.631,6.216,100.0,1.1691,24.0,666.0,20.2,366.15,9.53,50.0
0.07013,0.0,13.89,0.0,0.55,6.642,85.1,3.4211,5.0,276.0,16.4,392.78,9.69,28.7
0.04684,0.0,3.41,0.0,0.489,6.417000000000001,66.1,3.0923,2.0,270.0,17.8,392.18,8.81,22.6
0.01096,55.0,2.25,0.0,0.389,6.452999999999999,31.9,7.3073,1.0,300.0,15.3,394.72,8.23,22.0
0.09164,0.0,10.81,0.0,0.413,6.065,7.8,5.2873,4.0,305.0,19.2,390.91,5.52,22.8
13.6781,0.0,18.1,0.0,0.74,5.935,87.9,1.8206,24.0,666.0,20.2,68.95,34.02,8.4
7.83932,0.0,18.1,0.0,0.655,6.209,65.4,2.9634,24.0,666.0,20.2,396.9,13.22,21.4
0.06617,0.0,3.24,0.0,0.46,5.867999999999999,25.8,5.2146,4.0,430.0,16.9,382.44,9.97,19.3
5.5810699999999995,0.0,18.1,0.0,0.713,6.436,87.9,2.3158,24.0,666.0,20.2,100.19,16.22,14.3
0.06899,0.0,25.65,0.0,0.581,5.87,69.7,2.2577,2.0,188.0,19.1,389.15,14.37,22.0
0.06129,20.0,3.33,1.0,0.4429,7.645,49.7,5.2119,5.0,216.0,14.9,377.07,3.01,46.0
11.5779,0.0,18.1,0.0,0.7,5.0360000000000005,97.0,1.77,24.0,666.0,20.2,396.9,25.68,9.7
0.14932,25.0,5.13,0.0,0.45299999999999996,5.7410000000000005,66.2,7.2254,8.0,284.0,19.7,395.11,13.15,18.7
2.81838,0.0,18.1,0.0,0.532,5.7620000000000005,40.3,4.0983,24.0,666.0,20.2,392.92,10.42,21.8
0.49298000000000003,0.0,9.9,0.0,0.544,6.635,82.5,3.3175,4.0,304.0,18.4,396.9,4.54,22.8
4.26131,0.0,18.1,0.0,0.77,6.112,81.3,2.5091,24.0,666.0,20.2,390.74,12.67,22.6
25.9406,0.0,18.1,0.0,0.679,5.303999999999999,89.1,1.6475,24.0,666.0,20.2,127.36,26.64,10.4
41.5292,0.0,18.1,0.0,0.693,5.531000000000001,85.4,1.6074,24.0,666.0,20.2,329.46,27.38,8.5
0.07875,45.0,3.44,0.0,0.43700000000000006,6.782,41.1,3.7886,5.0,398.0,15.2,393.87,6.68,32.0
0.9884299999999999,0.0,8.14,0.0,0.5379999999999999,5.813,100.0,4.0952,4.0,307.0,21.0,394.54,19.88,14.5
4.87141,0.0,18.1,0.0,0.614,6.484,93.6,2.3053,24.0,666.0,20.2,396.21,18.68,16.7
2.37857,0.0,18.1,0.0,0.583,5.871,41.9,3.7239999999999998,24.0,666.0,20.2,370.73,13.34,20.6
15.288,0.0,18.1,0.0,0.6709999999999999,6.649,93.3,1.3449,24.0,666.0,20.2,363.02,23.24,13.9
4.03841,0.0,18.1,0.0,0.532,6.229,90.7,3.0993,24.0,666.0,20.2,395.33,12.87,19.6
1.2324700000000002,0.0,8.14,0.0,0.5379999999999999,6.142,91.7,3.9769,4.0,307.0,21.0,396.9,18.72,15.2
38.3518,0.0,18.1,0.0,0.693,5.452999999999999,100.0,1.4896,24.0,666.0,20.2,396.9,30.59,5.0
6.39312,0.0,18.1,0.0,0.584,6.162000000000001,97.4,2.206,24.0,666.0,20.2,302.76,24.1,13.3
0.0686,0.0,2.89,0.0,0.445,7.416,62.5,3.4952,2.0,276.0,18.0,396.9,6.19,33.2
6.65492,0.0,18.1,0.0,0.713,6.317,83.0,2.7344,24.0,666.0,20.2,396.9,13.99,19.5
0.032369999999999996,0.0,2.18,0.0,0.45799999999999996,6.997999999999999,45.8,6.0622,3.0,222.0,18.7,394.63,2.94,33.4
0.32264,0.0,21.89,0.0,0.624,5.942,93.5,1.9669,4.0,437.0,21.2,378.25,16.9,17.4
1.38799,0.0,8.14,0.0,0.5379999999999999,5.95,82.0,3.99,4.0,307.0,21.0,232.6,27.71,13.2
0.04527,0.0,11.93,0.0,0.573,6.12,76.7,2.2875,1.0,273.0,21.0,396.9,9.08,20.6
0.57834,20.0,3.97,0.0,0.575,8.297,67.0,2.4216,5.0,264.0,13.0,384.54,7.44,50.0
0.0187,85.0,4.15,0.0,0.429,6.516,27.7,8.5353,4.0,351.0,17.9,392.43,6.36,23.1
0.12816,12.5,6.07,0.0,0.409,5.885,33.0,6.497999999999999,4.0,345.0,18.9,396.9,8.79,20.9
0.0837,45.0,3.44,0.0,0.43700000000000006,7.185,38.9,4.5667,5.0,398.0,15.2,396.9,5.39,34.9
0.00632,18.0,2.31,0.0,0.5379999999999999,6.575,65.2,4.09,1.0,296.0,15.3,396.9,4.98,24.0
0.15098,0.0,10.01,0.0,0.547,6.021,82.6,2.7474,6.0,432.0,17.8,394.51,10.3,19.2
0.44791000000000003,0.0,6.2,1.0,0.507,6.726,66.5,3.6519,8.0,307.0,17.4,360.2,8.05,29.0
0.66351,20.0,3.97,0.0,0.647,7.332999999999999,100.0,1.8946,5.0,264.0,13.0,383.29,7.79,36.0
20.7162,0.0,18.1,0.0,0.659,4.138,100.0,1.1781,24.0,666.0,20.2,370.22,23.34,11.9
0.08664,45.0,3.44,0.0,0.43700000000000006,7.178,26.3,6.4798,5.0,398.0,15.2,390.49,2.87,36.4
45.7461,0.0,18.1,0.0,0.693,4.519,100.0,1.6582,24.0,666.0,20.2,88.27,36.98,7.0
0.33147,0.0,6.2,0.0,0.507,8.247,70.4,3.6519,8.0,307.0,17.4,378.95,3.95,48.3
0.11069000000000001,0.0,13.89,1.0,0.55,5.9510000000000005,93.8,2.8893,5.0,276.0,16.4,396.9,17.92,21.5
20.0849,0.0,18.1,0.0,0.7,4.368,91.2,1.4395,24.0,666.0,20.2,285.83,30.63,8.8
0.062110000000000005,40.0,1.25,0.0,0.429,6.49,44.4,8.7921,1.0,335.0,19.7,396.9,5.98,22.9
0.0536,21.0,5.64,0.0,0.439,6.511,21.1,6.8147,4.0,243.0,16.8,396.9,5.28,25.0
0.2498,0.0,21.89,0.0,0.624,5.857,98.2,1.6686,4.0,437.0,21.2,392.04,21.32,13.3
0.22188000000000002,20.0,6.96,1.0,0.46399999999999997,7.691,51.8,4.3665,3.0,223.0,18.6,390.77,6.58,35.2
0.6379600000000001,0.0,8.14,0.0,0.5379999999999999,6.096,84.5,4.4619,4.0,307.0,21.0,380.02,10.26,18.2
14.3337,0.0,18.1,0.0,0.7,4.88,100.0,1.5895,24.0,666.0,20.2,372.92,30.62,10.2
0.7857,20.0,3.97,0.0,0.647,7.013999999999999,84.6,2.1329,5.0,264.0,13.0,384.07,14.79,30.7
7.9924800000000005,0.0,18.1,0.0,0.7,5.52,100.0,1.5331,24.0,666.0,20.2,396.9,24.56,12.3
0.1146,20.0,6.96,0.0,0.46399999999999997,6.537999999999999,58.7,3.9175,3.0,223.0,18.6,394.96,7.73,24.4
8.05579,0.0,18.1,0.0,0.584,5.4270000000000005,95.4,2.4298,24.0,666.0,20.2,352.58,18.14,13.8
0.06911,45.0,3.44,0.0,0.43700000000000006,6.739,30.8,6.4798,5.0,398.0,15.2,389.71,4.69,30.5
5.29305,0.0,18.1,0.0,0.7,6.051,82.5,2.1678,24.0,666.0,20.2,378.38,18.76,23.2
2.924,0.0,19.58,0.0,0.605,6.101,93.0,2.2834,5.0,403.0,14.7,240.16,9.81,25.0
0.30346999999999996,0.0,7.38,0.0,0.493,6.312,28.9,5.4159,5.0,287.0,19.6,396.9,6.15,23.0
0.07151,0.0,4.49,0.0,0.449,6.121,56.8,3.7476,3.0,247.0,18.5,395.15,8.44,22.2
0.09068,45.0,3.44,0.0,0.43700000000000006,6.9510000000000005,21.5,6.4798,5.0,398.0,15.2,377.68,5.1,37.0
12.8023,0.0,18.1,0.0,0.74,5.854,96.6,1.8956,24.0,666.0,20.2,240.52,23.79,10.8
0.61154,20.0,3.97,0.0,0.647,8.704,86.9,1.801,5.0,264.0,13.0,389.7,5.12,50.0
0.02899,40.0,1.25,0.0,0.429,6.939,34.5,8.7921,1.0,335.0,19.7,389.85,5.89,26.6
0.07503,33.0,2.18,0.0,0.47200000000000003,7.42,71.9,3.0992,7.0,222.0,18.4,396.9,6.47,33.4
0.22876,0.0,8.56,0.0,0.52,6.405,85.4,2.7147,5.0,384.0,20.9,70.8,10.63,18.6
0.9557700000000001,0.0,8.14,0.0,0.5379999999999999,6.047000000000001,88.8,4.4534,4.0,307.0,21.0,306.38,17.28,14.8
4.22239,0.0,18.1,1.0,0.77,5.803,89.0,1.9047,24.0,666.0,20.2,353.04,14.64,16.8
0.12757000000000002,30.0,4.93,0.0,0.428,6.393,7.8,7.0355,6.0,300.0,16.6,374.71,5.19,23.7
0.2909,0.0,21.89,0.0,0.624,6.1739999999999995,93.6,1.6119,4.0,437.0,21.2,388.08,24.16,14.0
0.01311,90.0,1.22,0.0,0.40299999999999997,7.249,21.9,8.6966,5.0,226.0,17.9,395.93,4.81,35.4
13.3598,0.0,18.1,0.0,0.693,5.8870000000000005,94.7,1.7821,24.0,666.0,20.2,396.9,16.35,12.7
0.08826,0.0,10.81,0.0,0.413,6.417000000000001,6.6,5.2873,4.0,305.0,19.2,383.73,6.72,24.2
24.8017,0.0,18.1,0.0,0.693,5.349,96.0,1.7028,24.0,666.0,20.2,396.9,19.77,8.3
0.36894,22.0,5.86,0.0,0.431,8.259,8.4,8.9067,7.0,330.0,19.1,396.9,3.54,42.8
9.513630000000001,0.0,18.1,0.0,0.713,6.728,94.1,2.4961,24.0,666.0,20.2,6.68,18.71,14.9
2.4495299999999998,0.0,19.58,0.0,0.605,6.402,95.2,2.2625,5.0,403.0,14.7,330.04,11.32,22.3
22.5971,0.0,18.1,0.0,0.7,5.0,89.5,1.5184,24.0,666.0,20.2,396.9,31.99,7.4
0.13587,0.0,10.59,1.0,0.489,6.064,59.1,4.2392,4.0,277.0,18.6,381.32,14.66,24.4
0.05735,0.0,4.49,0.0,0.449,6.63,56.1,4.4377,3.0,247.0,18.5,392.3,6.53,26.6
19.6091,0.0,18.1,0.0,0.6709999999999999,7.313,97.9,1.3163,24.0,666.0,20.2,396.9,13.44,15.0
1.13081,0.0,8.14,0.0,0.5379999999999999,5.712999999999999,94.1,4.2330000000000005,4.0,307.0,21.0,360.17,22.6,12.7
0.22211999999999998,0.0,10.01,0.0,0.547,6.0920000000000005,95.4,2.548,6.0,432.0,17.8,396.9,17.09,18.7
0.05083,0.0,5.19,0.0,0.515,6.316,38.1,6.4584,5.0,224.0,20.2,389.71,5.68,22.2
0.08199,0.0,13.92,0.0,0.43700000000000006,6.0089999999999995,42.3,5.5027,4.0,289.0,16.0,396.9,10.4,21.7
0.10959,0.0,11.93,0.0,0.573,6.794,89.3,2.3889,1.0,273.0,21.0,393.45,6.48,22.0
6.53876,0.0,18.1,1.0,0.631,7.016,97.5,1.2024,24.0,666.0,20.2,392.05,2.96,50.0
0.06162,0.0,4.39,0.0,0.442,5.898,52.3,8.0136,3.0,352.0,18.8,364.61,12.67,17.2
0.17505,0.0,5.96,0.0,0.499,5.966,30.2,3.8473,5.0,279.0,19.2,393.43,10.13,24.7
0.17783,0.0,9.69,0.0,0.585,5.569,73.5,2.3999,6.0,391.0,19.2,395.77,15.1,17.5
1.19294,0.0,21.89,0.0,0.624,6.3260000000000005,97.7,2.271,4.0,437.0,21.2,396.9,12.26,19.6
0.03306,0.0,5.19,0.0,0.515,6.059,37.3,4.8122,5.0,224.0,20.2,396.14,8.51,20.6
2.15505,0.0,19.58,0.0,0.871,5.627999999999999,100.0,1.5166,5.0,403.0,14.7,169.27,16.65,15.6
0.16902,0.0,25.65,0.0,0.581,5.986000000000001,88.4,1.9929,2.0,188.0,19.1,385.02,14.81,21.4
0.19657,22.0,5.86,0.0,0.431,6.226,79.2,8.0555,7.0,330.0,19.1,376.14,10.15,20.5
3.6736699999999995,0.0,18.1,0.0,0.583,6.312,51.9,3.9917,24.0,666.0,20.2,388.62,10.58,21.2
0.051879999999999996,0.0,4.49,0.0,0.449,6.015,45.1,4.4272,3.0,247.0,18.5,395.99,12.86,22.5
0.11027,25.0,5.13,0.0,0.45299999999999996,6.456,67.8,7.2255,8.0,284.0,19.7,396.9,6.73,22.2
0.04301,80.0,1.91,0.0,0.413,5.662999999999999,21.9,10.5857,4.0,334.0,22.0,382.8,8.05,18.2
0.03659,25.0,4.86,0.0,0.426,6.3020000000000005,32.2,5.4007,4.0,281.0,19.0,396.9,6.72,24.8
0.11425,0.0,13.89,1.0,0.55,6.372999999999999,92.4,3.3633,5.0,276.0,16.4,393.74,10.5,23.0
1.22358,0.0,19.58,0.0,0.605,6.943,97.4,1.8773,5.0,403.0,14.7,363.43,4.59,41.3
7.40389,0.0,18.1,0.0,0.597,5.617000000000001,97.9,1.4547,24.0,666.0,20.2,314.64,26.4,17.2
0.035480000000000005,80.0,3.64,0.0,0.392,5.876,19.1,9.2203,1.0,315.0,16.4,395.18,9.25,20.9
1.25179,0.0,8.14,0.0,0.5379999999999999,5.57,98.1,3.7979,4.0,307.0,21.0,376.57,21.02,13.6
0.03961,0.0,5.19,0.0,0.515,6.037000000000001,34.5,5.9853,5.0,224.0,20.2,396.9,8.01,21.1
0.01709,90.0,2.02,0.0,0.41,6.728,36.1,12.1265,5.0,187.0,17.0,384.46,4.5,30.1
0.18337,0.0,27.74,0.0,0.609,5.414,98.3,1.7554,4.0,711.0,20.1,344.05,23.97,7.0
0.15445,25.0,5.13,0.0,0.45299999999999996,6.145,29.2,7.8148,8.0,284.0,19.7,390.68,6.86,23.3
2.7339700000000002,0.0,19.58,0.0,0.871,5.597,94.9,1.5257,5.0,403.0,14.7,351.85,21.45,15.4
0.14103,0.0,13.92,0.0,0.43700000000000006,5.79,58.0,6.32,4.0,289.0,16.0,396.9,15.84,20.3
0.04462,25.0,4.86,0.0,0.426,6.619,70.4,5.4007,4.0,281.0,19.0,395.63,7.22,23.9
0.77299,0.0,8.14,0.0,0.5379999999999999,6.495,94.4,4.4547,4.0,307.0,21.0,387.94,12.8,18.4
0.11329000000000002,30.0,4.93,0.0,0.428,6.897,54.3,6.3361,6.0,300.0,16.6,391.25,11.38,22.0
0.06151,0.0,5.19,0.0,0.515,5.968,58.5,4.8122,5.0,224.0,20.2,396.9,9.29,18.7
4.898219999999999,0.0,18.1,0.0,0.631,4.97,100.0,1.3325,24.0,666.0,20.2,375.52,3.26,50.0
0.13058,0.0,10.01,0.0,0.547,5.872000000000001,73.1,2.4775,6.0,432.0,17.8,338.63,15.37,20.4
0.01381,80.0,0.46,0.0,0.42200000000000004,7.875,32.0,5.6484,4.0,255.0,14.4,394.23,2.97,50.0
0.08221,22.0,5.86,0.0,0.431,6.957000000000001,6.8,8.9067,7.0,330.0,19.1,386.09,3.53,29.6
0.06588,0.0,2.46,0.0,0.488,7.765,83.3,2.741,3.0,193.0,17.8,395.56,7.56,39.8
0.21409,22.0,5.86,0.0,0.431,6.438,8.9,7.3967,7.0,330.0,19.1,377.07,3.59,24.8
0.28392,0.0,7.38,0.0,0.493,5.707999999999999,74.3,4.7211,5.0,287.0,19.6,391.13,11.74,18.5
0.26838,0.0,9.69,0.0,0.585,5.794,70.6,2.8927,6.0,391.0,19.2,396.9,14.1,18.3
0.15936,0.0,6.91,0.0,0.44799999999999995,6.211,6.5,5.7209,3.0,233.0,17.9,394.46,7.44,24.7
9.59571,0.0,18.1,0.0,0.693,6.404,100.0,1.639,24.0,666.0,20.2,376.11,20.31,12.1
1.6566,0.0,19.58,0.0,0.871,6.122000000000001,97.3,1.618,5.0,403.0,14.7,372.8,14.1,21.5
1.41385,0.0,19.58,1.0,0.871,6.129,96.0,1.7494,5.0,403.0,14.7,321.02,15.12,17.0
3.6782199999999996,0.0,18.1,0.0,0.77,5.362,96.2,2.1036,24.0,666.0,20.2,380.79,10.19,20.8
0.67191,0.0,8.14,0.0,0.5379999999999999,5.813,90.3,4.6819999999999995,4.0,307.0,21.0,376.88,14.81,16.6
0.09378,12.5,7.87,0.0,0.524,5.888999999999999,39.0,5.4509,5.0,311.0,15.2,390.5,15.71,21.7
4.8356699999999995,0.0,18.1,0.0,0.583,5.905,53.2,3.1523,24.0,666.0,20.2,388.22,11.45,20.6
0.03615,80.0,4.95,0.0,0.41100000000000003,6.63,23.4,5.1167,4.0,245.0,19.2,396.9,4.7,27.9
0.65665,20.0,3.97,0.0,0.647,6.8420000000000005,100.0,2.0107,5.0,264.0,13.0,391.93,6.9,30.1
0.01965,80.0,1.76,0.0,0.385,6.23,31.5,9.0892,1.0,241.0,18.2,341.6,12.93,20.1
0.07022,0.0,4.05,0.0,0.51,6.02,47.2,3.5549,5.0,296.0,16.6,393.23,10.11,23.2
0.04294,28.0,15.04,0.0,0.46399999999999997,6.249,77.3,3.615,4.0,270.0,18.2,396.9,10.59,20.6
0.11132,0.0,27.74,0.0,0.609,5.983,83.5,2.1099,4.0,711.0,20.1,396.9,13.35,20.1
1.27346,0.0,19.58,1.0,0.605,6.25,92.6,1.7984,5.0,403.0,14.7,338.92,5.5,27.0
0.10084,0.0,10.01,0.0,0.547,6.715,81.6,2.6775,6.0,432.0,17.8,395.59,10.16,22.8
0.22969,0.0,10.59,0.0,0.489,6.3260000000000005,52.5,4.3549,4.0,277.0,18.6,394.87,10.97,24.4
6.44405,0.0,18.1,0.0,0.584,6.425,74.8,2.2004,24.0,666.0,20.2,97.95,12.03,16.1
5.09017,0.0,18.1,0.0,0.713,6.297000000000001,91.8,2.3682,24.0,666.0,20.2,385.09,17.27,16.1
0.12744,0.0,6.91,0.0,0.44799999999999995,6.77,2.9,5.7209,3.0,233.0,17.9,385.41,4.84,26.6
6.288069999999999,0.0,18.1,0.0,0.74,6.341,96.4,2.072,24.0,666.0,20.2,318.01,17.79,14.9
0.0456,0.0,13.89,1.0,0.55,5.888,56.0,3.1121,5.0,276.0,16.4,392.8,13.51,23.3
0.55007,20.0,3.97,0.0,0.647,7.206,91.6,1.9301,5.0,264.0,13.0,387.89,8.1,36.5
0.37578,0.0,10.59,1.0,0.489,5.404,88.6,3.665,4.0,277.0,18.6,395.24,23.98,19.3
0.0136,75.0,4.0,0.0,0.41,5.888,47.6,7.3197,3.0,469.0,21.1,396.9,14.8,18.9
0.8520399999999999,0.0,8.14,0.0,0.5379999999999999,5.965,89.2,4.0123,4.0,307.0,21.0,392.53,13.83,19.6
0.0578,0.0,2.46,0.0,0.488,6.98,58.4,2.8289999999999997,3.0,193.0,17.8,396.9,5.04,37.2
0.22926999999999997,0.0,6.91,0.0,0.44799999999999995,6.03,85.5,5.6894,3.0,233.0,17.9,392.74,18.8,16.6
4.75237,0.0,18.1,0.0,0.713,6.525,86.5,2.4358,24.0,666.0,20.2,50.92,18.13,14.1
0.1,34.0,6.09,0.0,0.433,6.982,17.7,5.4917,7.0,329.0,16.1,390.43,4.86,33.1
0.21977,0.0,6.91,0.0,0.44799999999999995,5.602,62.0,6.0877,3.0,233.0,17.9,396.9,16.2,19.4
6.71772,0.0,18.1,0.0,0.713,6.749,92.6,2.3236,24.0,666.0,20.2,0.32,17.44,13.4
0.0315,95.0,1.47,0.0,0.40299999999999997,6.975,15.3,7.6534,3.0,402.0,17.0,396.9,4.56,34.9
5.66637,0.0,18.1,0.0,0.74,6.218999999999999,100.0,2.0048,24.0,666.0,20.2,395.69,16.59,18.4
0.03113,0.0,4.39,0.0,0.442,6.013999999999999,48.5,8.0136,3.0,352.0,18.8,385.64,10.53,17.5
0.21124,12.5,7.87,0.0,0.524,5.631,100.0,6.0821,5.0,311.0,15.2,386.63,29.93,16.5
15.8603,0.0,18.1,0.0,0.679,5.896,95.4,1.9096,24.0,666.0,20.2,7.68,24.39,8.3
0.03705,20.0,3.33,0.0,0.4429,6.968,37.2,5.2447,5.0,216.0,14.9,392.23,4.59,35.4
0.03427,0.0,5.19,0.0,0.515,5.869,46.3,5.2311,5.0,224.0,20.2,396.9,9.8,19.5
0.09299,0.0,25.65,0.0,0.581,5.961,92.9,2.0869,2.0,188.0,19.1,378.09,17.93,20.5
0.38214000000000004,0.0,6.2,0.0,0.504,8.04,86.5,3.2157,8.0,307.0,17.4,387.38,3.13,37.6
0.13117,0.0,8.56,0.0,0.52,6.127000000000001,85.2,2.1224,5.0,384.0,20.9,387.69,14.09,20.4
14.2362,0.0,18.1,0.0,0.693,6.343,100.0,1.5741,24.0,666.0,20.2,396.9,20.32,7.2
0.050230000000000004,35.0,6.06,0.0,0.4379,5.706,28.4,6.6407,1.0,304.0,16.9,394.02,12.43,17.1
5.20177,0.0,18.1,1.0,0.77,6.127000000000001,83.4,2.7227,24.0,666.0,20.2,395.43,11.48,22.7
12.2472,0.0,18.1,0.0,0.584,5.837000000000001,59.7,1.9976,24.0,666.0,20.2,24.65,15.69,10.2
0.07244,60.0,1.69,0.0,0.41100000000000003,5.8839999999999995,18.5,10.7103,4.0,411.0,18.3,392.33,7.79,18.6
0.29916,20.0,6.96,0.0,0.46399999999999997,5.856,42.1,4.428999999999999,3.0,223.0,18.6,388.65,13.0,21.1
0.08829,12.5,7.87,0.0,0.524,6.0120000000000005,66.6,5.5605,5.0,311.0,15.2,395.6,12.43,22.9
0.31827,0.0,9.9,0.0,0.544,5.914,83.2,3.9986,4.0,304.0,18.4,390.7,18.33,17.8
22.0511,0.0,18.1,0.0,0.74,5.818,92.4,1.8662,24.0,666.0,20.2,391.45,22.11,10.5
0.32543,0.0,21.89,0.0,0.624,6.431,98.8,1.8125,4.0,437.0,21.2,396.9,15.39,18.0
0.015009999999999999,80.0,2.01,0.0,0.435,6.635,29.7,8.344,4.0,280.0,17.0,390.94,5.99,24.5
3.69311,0.0,18.1,0.0,0.713,6.376,88.4,2.5671,24.0,666.0,20.2,391.43,14.65,17.7
2.63548,0.0,9.9,0.0,0.544,4.973,37.8,2.5194,4.0,304.0,18.4,350.45,12.64,16.1
0.1712,0.0,8.56,0.0,0.52,5.836,91.9,2.211,5.0,384.0,20.9,395.67,18.66,19.5
0.09266,34.0,6.09,0.0,0.433,6.495,18.4,5.4917,7.0,329.0,16.1,383.61,8.67,26.4
0.62356,0.0,6.2,1.0,0.507,6.879,77.7,3.2721,8.0,307.0,17.4,390.39,9.93,27.5
0.08447,0.0,4.05,0.0,0.51,5.859,68.7,2.7019,5.0,296.0,16.6,393.23,9.64,22.6
0.04819,80.0,3.64,0.0,0.392,6.108,32.0,9.2203,1.0,315.0,16.4,392.89,6.57,21.9
0.13262000000000002,0.0,8.56,0.0,0.52,5.851,96.7,2.1069,5.0,384.0,20.9,394.05,16.47,19.5
6.80117,0.0,18.1,0.0,0.713,6.081,84.4,2.7175,24.0,666.0,20.2,396.9,14.7,20.0
0.06417,0.0,5.96,0.0,0.499,5.933,68.2,3.3603,5.0,279.0,19.2,396.9,9.68,18.9
